,Challenge Type - Entropy,Challenge Type - Evenness,Challenge Type - Lexical Diversity,Challenge Type - Semantic Similarity,Challenge Type - Syntactic Variation,Challenge Type - Type-Token Ratio,Challenge Type - information_content_score,Challenge Type - response_overlap,Problem - Lexical Diversity,Problem - Semantic Similarity,Problem - Syntactic Variation,Problem - Type-Token Ratio,Problem - information_content_score,Problem - response_overlap,Student Mistake Prompt - Lexical Diversity,Student Mistake Prompt - Semantic Similarity,Student Mistake Prompt - Syntactic Variation,Student Mistake Prompt - Type-Token Ratio,Student Mistake Prompt - information_content_score,Student Mistake Prompt - response_overlap
Student Zeroshot,4.310821476731005,0.8180153348883882,0.09985396212103664,0.6592143663857594,0.2836545454545455,0.0999959773656935,6.919311771871422,0.40354747474747477,0.11364846054049992,0.5997573003951799,0.9889898989898991,0.15419155076873053,9.846954596902926,0.9977979797979798,0.09787915692837248,0.6213483960833228,0.49695151515151514,0.12977477534840992,8.434064193260257,0.7674464646464645
Student Finetuned,3.851735432435386,0.7825895452615739,0.1473410576355704,0.5031653939163802,0.17069307338055495,0.1484087631797281,6.352266409372221,0.31383796602677305,0.16955694962205084,0.49164226050974036,0.6385106962747611,0.228279793930717,8.727114338682478,0.9048605648319935,0.2827066634439087,0.3583928525952668,0.9377937642785948,0.35690814587699715,8.955123800646534,0.9675517935509099
Student RAG,0.5058790510237784,0.24675603689941994,0.02558736990958136,0.8966752451668181,0.020404081632653063,0.02558736990958136,2.6912526945591146,0.032604081632653055,0.06507628230131517,0.7258479590981648,0.33373469387755095,0.08332501323466275,7.64724831301236,0.5431673469387756,0.10431745815066722,0.6890129681994884,0.7615020408163263,0.13803015408868646,8.774046719436239,0.8583673469387756
